id,first_name,last_name,email,gender,pincode
1,Paul,Moyce,pmoyce0@people.com.cn,Male,2902
2,Bell,Lille,blille1@dmoz.org,Female,36980-000
3,Inness,Tesh,itesh2@umich.edu,Male,
4,Melba,Figiovanni,mfigiovanni3@discovery.com,Female,8601
5,Britte,Males,bmales4@abc.net.au,Female,
6,Evelin,Garrish,egarrish5@google.es,Male,R93
7,Deeyn,Denmead,ddenmead6@live.com,Female,
8,Robbert,Willatts,rwillatts7@shinystat.com,Male,
9,Benedick,Marciskewski,bmarciskewski8@facebook.com,Male,E4G
10,Almeta,Fissenden,afissenden9@umich.edu,Female,
11,Arvin,Giacovelli,agiacovellia@mapquest.com,Male,
12,Mireille,Pauletto,mpaulettob@canalblog.com,Female,
13,Victoria,Bartali,vbartalic@wordpress.org,Female,
14,Bendicty,Hansed,bhansedd@lulu.com,Male,14820-000
15,Sharleen,Yeomans,syeomanse@epa.gov,Polygender,
16,Bettine,Gallaccio,bgallacciof@flickr.com,Female,
17,Si,Fourman,sfourmang@xing.com,Male,14910-000
18,Carolyn,Greedy,cgreedyh@unc.edu,Female,141143
19,Denver,Mersh,dmershi@dot.gov,Male,
20,Florian,Spellecy,fspellecyj@gmpg.org,Male,301320
21,Janet,Derkes,jderkesk@dagondesign.com,Genderqueer,3571
22,Lisle,Tooher,ltooherl@squidoo.com,Male,29251
23,Derby,Kennewell,dkennewellm@washingtonpost.com,Male,06816
24,Arney,Rossoni,arossonin@fc2.com,Male,
25,Burke,Greedyer,bgreedyero@amazon.com,Male,672 01
26,Sean,Lidyard,slidyardp@scribd.com,Female,4507
27,Lavina,Gatch,lgatchq@constantcontact.com,Female,
28,Masha,Seeman,mseemanr@creativecommons.org,Female,
29,Sapphire,Lawley,slawleys@com.com,Female,
30,Mahalia,Breckin,mbreckint@weather.com,Genderfluid,3571
31,Yolande,Alelsandrowicz,yalelsandrowiczu@webmd.com,Female,3470
32,Tadeo,Arndell,tarndellv@blinklist.com,Male,
33,Tristam,Cutcliffe,tcutcliffew@wufoo.com,Non-binary,
34,Allene,Frediani,afredianix@infoseek.co.jp,Female,2550-523
35,Karen,Duckett,kducketty@telegraph.co.uk,Female,
36,Xena,Elvin,xelvinz@macromedia.com,Female,
37,Kass,Chesterton,kchesterton10@vinaora.com,Female,
38,Hershel,McLaine,hmclaine11@booking.com,Male,
39,Giselle,O'Brien,gobrien12@indiatimes.com,Female,503 51
40,Lucita,Seakings,lseakings13@flickr.com,Female,K2H
41,Kandy,Reeders,kreeders14@ca.gov,Female,232538
42,Mariam,Costi,mcosti15@washington.edu,Genderqueer,
43,Ginny,Marc,gmarc16@cargocollective.com,Female,
44,Alister,Chieco,achieco17@ebay.com,Male,10309
45,Wynne,Haggith,whaggith18@indiatimes.com,Female,10217
46,Zenia,Karlsson,zkarlsson19@washington.edu,Female,6430
47,Babita,Poppleston,bpoppleston1a@flickr.com,Female,
48,Aurelia,Lawrenz,alawrenz1b@ask.com,Female,
49,Ruprecht,Kingstne,rkingstne1c@blinklist.com,Agender,
50,Seka,Dungee,sdungee1d@shop-pro.jp,Female,
51,Evan,Teideman,eteideman1e@geocities.com,Male,
52,Fae,Lahive,flahive1f@geocities.com,Female,
53,Sheffield,Quaif,squaif1g@pen.io,Male,433201
54,Bree,Woodage,bwoodage1h@ihg.com,Female,08190
55,Renie,Mitrikhin,rmitrikhin1i@about.com,Female,63804 CEDEX
56,Celestina,Ohlsen,cohlsen1j@ocn.ne.jp,Female,4405
57,Tara,Wanklin,twanklin1k@jalbum.net,Female,80140
58,Ryon,Leverton,rleverton1l@last.fm,Genderqueer,4990-434
59,Shela,Willmont,swillmont1m@elegantthemes.com,Female,607036
60,Jorey,Bangle,jbangle1n@eventbrite.com,Female,
61,Spense,Rubin,srubin1o@facebook.com,Male,6506
62,Thelma,Stenners,tstenners1p@illinois.edu,Female,75485 CEDEX 10
63,Rudd,Rickets,rrickets1q@patch.com,Male,
64,Marjy,Arkil,markil1r@rakuten.co.jp,Female,
65,Christian,Leggatt,cleggatt1s@cisco.com,Female,
66,Alvie,Strain,astrain1t@slate.com,Male,
67,Tawsha,Harower,tharower1u@bbc.co.uk,Female,506-2118
68,Lennie,Gorse,lgorse1v@intel.com,Male,
69,Broderic,Piken,bpiken1w@hibu.com,Agender,21051 CEDEX
70,Georgia,Burhill,gburhill1x@live.com,Female,39-210
71,Allie,McGettrick,amcgettrick1y@dailymail.co.uk,Male,312 31
72,Dominique,MacMorland,dmacmorland1z@go.com,Male,91117
73,Georgia,Askie,gaskie20@linkedin.com,Female,
74,Aurora,Ledgeway,aledgeway21@wsj.com,Female,
75,Portie,Ikin,pikin22@xing.com,Male,3501
76,Ilsa,Polkinhorn,ipolkinhorn23@yale.edu,Female,
77,Cathryn,Spoward,cspoward24@engadget.com,Female,
78,Gilly,Iacovini,giacovini25@nps.gov,Female,976-0034
79,Raimondo,Sacco,rsacco26@telegraph.co.uk,Male,97540-000
80,Sonni,Devaney,sdevaney27@blogspot.com,Female,62247 CEDEX
81,Mel,Daines,mdaines28@microsoft.com,Female,
82,Tove,Carey,tcarey29@ezinearticles.com,Female,
83,Bernie,Jorgesen,bjorgesen2a@unc.edu,Male,
84,Talbot,Theurer,ttheurer2b@bluehost.com,Male,
85,Keriann,Blinckhorne,kblinckhorne2c@yahoo.co.jp,Female,R42
86,Trefor,Lattimer,tlattimer2d@facebook.com,Male,
87,Antonina,Hoopper,ahoopper2e@skyrock.com,Female,2665-105
88,Windy,Featonby,wfeatonby2f@cam.ac.uk,Female,
89,Herta,Shoulder,hshoulder2g@nbcnews.com,Female,
90,Jade,Vasilmanov,jvasilmanov2h@ow.ly,Female,34330
91,Aaren,Test,atest2i@barnesandnoble.com,Female,
92,Luce,MacGillivray,lmacgillivray2j@uiuc.edu,Female,32-015
93,Bekki,Matyja,bmatyja2k@prweb.com,Female,5507
94,Wilbert,Barnshaw,wbarnshaw2l@nhs.uk,Male,
95,Giulio,Pozer,gpozer2m@cocolog-nifty.com,Male,
96,Rosmunda,Lathom,rlathom2n@cbsnews.com,Female,54130
97,Mile,Bazoche,mbazoche2o@businessweek.com,Male,38550-000
98,Dulcia,Steinor,dsteinor2p@barnesandnoble.com,Female,
99,Christie,Pindar,cpindar2q@cnbc.com,Male,H3G
100,Bond,McCreagh,bmccreagh2r@unblog.fr,Male,50136
101,Ysabel,Delue,ydelue2s@storify.com,Female,68164
102,Dani,Garron,dgarron2t@tripadvisor.com,Male,
103,Theresita,Macourek,tmacourek2u@usa.gov,Female,252608
104,Rozanne,Deller,rdeller2v@gmpg.org,Female,4960-349
105,Zolly,Davitashvili,zdavitashvili2w@cnbc.com,Bigender,38-112
106,Javier,Gullberg,jgullberg2x@taobao.com,Male,
107,Randi,Saylor,rsaylor2y@cdbaby.com,Genderfluid,5016
108,Ethelind,Gillaspy,egillaspy2z@bing.com,Female,44335 CEDEX 3
109,Livia,Stoggles,lstoggles30@symantec.com,Non-binary,
110,Barty,Suttie,bsuttie31@nhs.uk,Male,
111,Thelma,Jandera,tjandera32@guardian.co.uk,Female,
112,Tynan,Hellings,thellings33@behance.net,Male,
113,Brandy,Mabb,bmabb34@istockphoto.com,Bigender,
114,Igor,Pamment,ipamment35@google.ru,Male,
115,Arri,Brotheridge,abrotheridge36@vkontakte.ru,Agender,
116,Carver,Bourtoumieux,cbourtoumieux37@wordpress.com,Male,636450
117,Marena,Coleman,mcoleman38@netvibes.com,Female,
118,Ashien,McMarquis,amcmarquis39@redcross.org,Female,2125-106
119,Lucilia,Filasov,lfilasov3a@sciencedirect.com,Female,51086 CEDEX
120,Alie,Ceaser,aceaser3b@wikispaces.com,Genderqueer,2309
121,Chrysler,Scottrell,cscottrell3c@1und1.de,Female,01-517
122,Irena,Zarfai,izarfai3d@nps.gov,Female,R8N
123,Yvon,Maddyson,ymaddyson3e@berkeley.edu,Male,
124,Lawrence,Ibbett,libbett3f@ycombinator.com,Male,
125,Corella,Grosvener,cgrosvener3g@house.gov,Female,
126,Lucia,Brissard,lbrissard3h@japanpost.jp,Female,152070
127,Zondra,Gerrelt,zgerrelt3i@gizmodo.com,Female,
128,Vinny,Gerling,vgerling3j@telegraph.co.uk,Male,665 33
129,Pierre,Spellman,pspellman3k@craigslist.org,Male,93017
130,Selie,Franchi,sfranchi3l@bing.com,Female,98839
131,Putnam,Convery,pconvery3m@opera.com,Male,
132,Cherida,Muckersie,cmuckersie3n@squarespace.com,Female,
133,Burton,Bachellier,bbachellier3o@wp.com,Male,641334
134,Daria,Barthelmes,dbarthelmes3p@fotki.com,Genderqueer,379-0116
135,Skipper,Farr,sfarr3q@intel.com,Male,13316 CEDEX 15
136,Royal,Mattholie,rmattholie3r@gravatar.com,Agender,
137,Lanie,McSperrin,lmcsperrin3s@stanford.edu,Male,4234
138,Lura,Phillipps,lphillipps3t@paginegialle.it,Female,
139,Johannes,Broady,jbroady3u@about.me,Male,
140,Tann,Mattocks,tmattocks3v@newsvine.com,Male,
141,Everard,Cavolini,ecavolini3w@elpais.com,Male,
142,Hal,Campana,hcampana3x@yelp.com,Male,
143,Avril,Wadlow,awadlow3y@t-online.de,Female,75312 CEDEX 09
144,Cherlyn,Cumming,ccumming3z@adobe.com,Female,416 80
145,Mureil,Scalia,mscalia40@businessweek.com,Female,45000
146,Shantee,Priscott,spriscott41@state.gov,Female,
147,Maureen,Stonman,mstonman42@google.nl,Female,2406
148,Arliene,Evert,aevert43@state.tx.us,Female,12001
149,Burr,Brierton,bbrierton44@amazon.co.uk,Male,
150,Rosalie,Ghiron,rghiron45@opensource.org,Polygender,4806
151,Elisha,Grose,egrose46@plala.or.jp,Female,
152,Olympia,Jennison,ojennison47@rediff.com,Female,45356
153,Belvia,Gunter,bgunter48@infoseek.co.jp,Female,93429
154,Brodie,Wheeldon,bwheeldon49@marriott.com,Genderqueer,38440-000
155,Garth,Ditzel,gditzel4a@fastcompany.com,Bigender,76711
156,Ivie,Birckmann,ibirckmann4b@psu.edu,Female,6128
157,Constanta,Winckles,cwinckles4c@icq.com,Female,4905-266
158,Falito,Beddie,fbeddie4d@about.com,Male,
159,Marian,Wife,mwife4e@friendfeed.com,Female,
160,Irwin,Gooderidge,igooderidge4f@netlog.com,Male,8039
161,Alvie,Greenalf,agreenalf4g@t.co,Male,758-0612
162,Standford,Camelin,scamelin4h@time.com,Male,
163,Mattie,Pinnington,mpinnington4i@go.com,Male,2422
164,Giraldo,Izhak,gizhak4j@webnode.com,Male,10502
165,Chiquita,Chazerand,cchazerand4k@house.gov,Female,34-382
166,Hort,Beseke,hbeseke4l@blogger.com,Male,
167,Orazio,Labes,olabes4m@icio.us,Male,
168,Sonia,Barkworth,sbarkworth4n@tinypic.com,Female,
169,Ikey,Wicher,iwicher4o@ft.com,Male,590 14
170,Ricky,Huncoot,rhuncoot4p@blogtalkradio.com,Male,
171,Braden,Winyard,bwinyard4q@webeden.co.uk,Male,16-420
172,Caprice,Dewire,cdewire4r@nsw.gov.au,Female,249028
173,Meyer,Epelett,mepelett4s@java.com,Male,
174,Jakob,Beney,jbeney4t@mediafire.com,Male,14-520
175,Gunter,Carvilla,gcarvilla4u@google.co.jp,Male,3423
176,Berty,Kruschev,bkruschev4v@parallels.com,Female,
177,Taffy,Boyett,tboyett4w@shinystat.com,Bigender,64-810
178,Brett,Kinsella,bkinsella4x@arizona.edu,Female,93104 CEDEX
179,Grant,Kitcher,gkitcher4y@newsvine.com,Male,613060
180,Briggs,Canfield,bcanfield4z@mayoclinic.com,Male,36130
181,Winfield,Ysson,wysson50@etsy.com,Male,
182,Collette,Salzen,csalzen51@infoseek.co.jp,Non-binary,52216
183,Frank,Gilbane,fgilbane52@newsvine.com,Female,253608
184,Oswell,Halle,ohalle53@shop-pro.jp,Non-binary,4201
185,Karolina,Mullins,kmullins54@sbwire.com,Female,663019
186,Gigi,Styles,gstyles55@photobucket.com,Female,7512
187,Julienne,Roome,jroome56@macromedia.com,Female,
188,Beitris,McRill,bmcrill57@thetimes.co.uk,Non-binary,80-867
189,Didi,Sammonds,dsammonds58@bigcartel.com,Female,4224
190,Cory,Agott,cagott59@sourceforge.net,Female,841 23
191,Cristin,Crippen,ccrippen5a@live.com,Female,59300-000
192,Layton,Aslam,laslam5b@imdb.com,Polygender,
193,Lazare,Mitchely,lmitchely5c@fotki.com,Male,
194,Gerek,Whatsize,gwhatsize5d@ox.ac.uk,Male,
195,Ardelle,Digwood,adigwood5e@woothemes.com,Female,4820
196,Britta,Toxell,btoxell5f@howstuffworks.com,Female,
197,Trueman,Alessandone,talessandone5g@list-manage.com,Male,545 35
198,Alix,Fenkel,afenkel5h@dell.com,Male,
199,Hamlin,Waiting,hwaiting5i@mapy.cz,Male,
200,Ardys,Adcocks,aadcocks5j@imageshack.us,Female,46-203
201,Maitilde,Stirtle,mstirtle5k@unesco.org,Female,670-0013
202,Richard,Follacaro,rfollacaro5l@virginia.edu,Male,
203,Harli,Symonds,hsymonds5m@ameblo.jp,Female,
204,Hedy,Ulrik,hulrik5n@netscape.com,Bigender,8307
205,Kizzie,Lowfill,klowfill5o@miibeian.gov.cn,Female,34110
206,Morton,Hanaby,mhanaby5p@wikipedia.org,Agender,11005
207,Harlan,Sawforde,hsawforde5q@ibm.com,Male,352812
208,Uriah,Pedden,upedden5r@ask.com,Male,11201
209,Vin,Gadeaux,vgadeaux5s@patch.com,Male,2302
210,Rasla,Shearer,rshearer5t@hc360.com,Female,35160-000
211,Genni,Guerry,gguerry5u@yale.edu,Female,
212,Hilarius,Scholer,hscholer5v@noaa.gov,Male,307740
213,Inger,Hargreaves,ihargreaves5w@yahoo.co.jp,Female,3015
214,Valaria,Jerdan,vjerdan5x@jalbum.net,Female,
215,Nathaniel,Janak,njanak5y@marriott.com,Male,
216,Boniface,Goodlud,bgoodlud5z@cdbaby.com,Male,
217,Pat,Gummery,pgummery60@va.gov,Male,
218,Cathrin,Veall,cveall61@cocolog-nifty.com,Female,
219,Ernestine,Geerdts,egeerdts62@tuttocitta.it,Female,
220,Jacinta,Bootton,jbootton63@ucla.edu,Genderqueer,8520
221,Rafael,Joire,rjoire64@ucla.edu,Male,641360
222,Teador,Yakunikov,tyakunikov65@columbia.edu,Male,
223,Demetrius,Theuff,dtheuff66@phpbb.com,Male,
224,Rebekkah,McCallion,rmccallion67@apple.com,Non-binary,
225,Goraud,Domeny,gdomeny68@nih.gov,Male,4905-515
226,Mead,Stoggles,mstoggles69@house.gov,Male,
227,Jonah,Westbury,jwestbury6a@gnu.org,Male,2307
228,Trevar,Tole,ttole6b@nbcnews.com,Male,
229,Jackquelin,Wallhead,jwallhead6c@tripadvisor.com,Female,
230,Leilah,Ringe,lringe6d@ning.com,Female,
231,Esdras,Crumpe,ecrumpe6e@usnews.com,Male,
232,Alexandr,Oakly,aoakly6f@slate.com,Male,
233,Marta,Diffley,mdiffley6g@pen.io,Female,32300
234,Davita,Di Bartolomeo,ddibartolomeo6h@free.fr,Female,46791
235,Poppy,Gallety,pgallety6i@utexas.edu,Female,516 31
236,Hugues,Whartonby,hwhartonby6j@linkedin.com,Male,4545
237,Cody,Sleeford,csleeford6k@sourceforge.net,Female,457162
238,La verne,Feldmark,lfeldmark6l@ebay.com,Female,839-1407
239,Axe,Hanscombe,ahanscombe6m@wikipedia.org,Male,
240,Cherise,O'Hagerty,cohagerty6n@blog.com,Female,
241,Anna-diane,Spitell,aspitell6o@plala.or.jp,Female,6542
242,Zacharias,Rosencrantz,zrosencrantz6p@msu.edu,Genderqueer,
243,Gustavo,O'Doireidh,godoireidh6q@oaic.gov.au,Male,
244,Livvy,Rabbatts,lrabbatts6r@soup.io,Female,6113
245,Cyndia,Millership,cmillership6s@elpais.com,Female,92864 CEDEX 9
246,Michaelina,Evenden,mevenden6t@guardian.co.uk,Female,
247,Marissa,Halwill,mhalwill6u@europa.eu,Female,
248,Misti,Clougher,mclougher6v@dailymotion.com,Female,
249,Mignon,Goodburn,mgoodburn6w@liveinternet.ru,Female,92191
250,Federica,Millson,fmillson6x@cnbc.com,Female,78390-000
251,Judye,Wain,jwain6y@squarespace.com,Female,
252,Wallis,Doran,wdoran6z@youku.com,Agender,
253,Babita,Woodall,bwoodall70@princeton.edu,Female,
254,Annabella,Axford,aaxford71@unesco.org,Female,2435-454
255,Sasha,Comiam,scomiam72@unblog.fr,Male,
256,Davine,Beale,dbeale73@dmoz.org,Female,1175
257,Joceline,Hewes,jhewes74@paginegialle.it,Female,
258,Sybille,Kensit,skensit75@feedburner.com,Female,
259,Urbano,Renn,urenn76@wikispaces.com,Male,
260,Felicdad,Lassen,flassen77@netvibes.com,Female,59347-000
261,Hube,Brazier,hbrazier78@webs.com,Male,
262,Dolph,Karpov,dkarpov79@businesswire.com,Male,
263,Yolane,Dureden,ydureden7a@bloomberg.com,Female,
264,Harmon,Shyres,hshyres7b@livejournal.com,Male,
265,Cortie,Fallis,cfallis7c@mtv.com,Male,
266,Evered,Alderwick,ealderwick7d@answers.com,Non-binary,
267,Cacilia,Partridge,cpartridge7e@va.gov,Female,
268,Stillman,Sneden,ssneden7f@blogs.com,Male,21806 CEDEX
269,Daffi,Coulsen,dcoulsen7g@auda.org.au,Female,2645-168
270,Merwyn,Angeau,mangeau7h@china.com.cn,Male,
271,Avigdor,Szymon,aszymon7i@tuttocitta.it,Male,
272,Benson,Ollcott,bollcott7j@posterous.com,Male,
273,Lacey,Quinney,lquinney7k@umich.edu,Female,
274,Emilee,Kettlewell,ekettlewell7l@issuu.com,Female,
275,Montague,Kernan,mkernan7m@pinterest.com,Male,
276,Pail,Husselbee,phusselbee7n@skype.com,Male,
277,Vanya,Scholfield,vscholfield7o@topsy.com,Male,
278,Flossi,Raoult,fraoult7p@java.com,Female,
279,Brendin,Vanni,bvanni7q@google.fr,Male,51250
280,Gordie,Mc Harg,gmcharg7r@smugmug.com,Male,
281,Sonia,Hampson,shampson7s@msu.edu,Female,4600-661
282,Isaiah,Rawlinson,irawlinson7t@storify.com,Male,155625
283,Emlyn,Comiskey,ecomiskey7u@foxnews.com,Female,
284,Kacie,Siggins,ksiggins7v@go.com,Female,
285,Sammy,Gumm,sgumm7w@geocities.com,Male,3600-584
286,Cornelius,Hulk,chulk7x@pcworld.com,Male,
287,Georgianne,Sharp,gsharp7y@shutterfly.com,Female,47280
288,Leah,Van Eeden,lvaneeden7z@wix.com,Female,58000-000
289,Suzann,Yesson,syesson80@networkadvertising.org,Female,56-306
290,Roxanne,Masterson,rmasterson81@fastcompany.com,Female,
291,Kerstin,Corkhill,kcorkhill82@exblog.jp,Female,
292,Feliza,Manon,fmanon83@mlb.com,Female,95270-000
293,Cicily,Hughes,chughes84@multiply.com,Female,59-225
294,Cherish,Bestman,cbestman85@weather.com,Female,
295,Tova,Napier,tnapier86@free.fr,Female,745 33
296,Clemmy,Jacobsohn,cjacobsohn87@constantcontact.com,Female,181 72
297,Griffin,Daverin,gdaverin88@huffingtonpost.com,Male,T5Y
298,Tad,Pimlock,tpimlock89@t.co,Male,62-604
299,Aldrich,Bubeer,abubeer8a@scientificamerican.com,Male,
300,Temp,Holyard,tholyard8b@loc.gov,Male,
301,Meredeth,Howlings,mhowlings8c@angelfire.com,Male,9708
302,Rosina,Tickle,rtickle8d@furl.net,Female,
303,Stevy,Bascomb,sbascomb8e@businesswire.com,Male,
304,Olav,Caskey,ocaskey8f@amazonaws.com,Male,665028
305,Krishna,Yansons,kyansons8g@illinois.edu,Male,
306,Jonie,McKiernan,jmckiernan8h@slate.com,Agender,051457
307,Sonja,Ganiford,sganiford8i@theglobeandmail.com,Genderqueer,7300
308,Fannie,Darwood,fdarwood8j@rakuten.co.jp,Female,6119
309,Clarence,Mechell,cmechell8k@trellian.com,Male,
310,Marijo,Reynalds,mreynalds8l@squidoo.com,Agender,
311,Truman,Sille,tsille8m@tinyurl.com,Male,
312,Deeyn,Yukhnevich,dyukhnevich8n@virginia.edu,Female,
313,Mano,Deane,mdeane8o@cisco.com,Non-binary,
314,Loralee,Boggis,lboggis8p@merriam-webster.com,Female,
315,Herbert,Bavridge,hbavridge8q@newyorker.com,Male,
316,Konrad,Olenichev,kolenichev8r@domainmarket.com,Male,4108
317,Dalis,Madoc-Jones,dmadocjones8s@spiegel.de,Male,
318,Nickola,Biasotti,nbiasotti8t@google.com,Male,83-022
319,Maribel,Buey,mbuey8u@istockphoto.com,Female,
320,Bride,Drinkel,bdrinkel8v@macromedia.com,Female,
321,Nefen,Bayliss,nbayliss8w@arizona.edu,Male,
322,Mahmud,Skeene,mskeene8x@smugmug.com,Agender,
323,Carlin,Snailham,csnailham8y@adobe.com,Male,
324,Laney,Tumilson,ltumilson8z@alibaba.com,Male,40270
325,Deeanne,Waugh,dwaugh90@taobao.com,Female,L-9184
326,Bessy,Fidgin,bfidgin91@123-reg.co.uk,Female,
327,Cahra,Dradey,cdradey92@fema.gov,Female,18-500
328,Thacher,Earnshaw,tearnshaw93@ask.com,Male,
329,Vonny,Hubane,vhubane94@eventbrite.com,Female,
330,Conny,Crippen,ccrippen95@bbc.co.uk,Female,
331,Royal,Towersey,rtowersey96@usatoday.com,Male,
332,Denyse,Klain,dklain97@w3.org,Female,4770-431
333,Margi,Dargie,mdargie98@canalblog.com,Female,
334,Odell,Furlonge,ofurlonge99@spiegel.de,Male,NN11
335,Burgess,Barensky,bbarensky9a@homestead.com,Male,142609
336,Hillie,Bettley,hbettley9b@smugmug.com,Male,
337,Filide,Culligan,fculligan9c@blogs.com,Female,6527
338,Adaline,O'Bradden,aobradden9d@jigsy.com,Female,416357
339,Cthrine,Pettett,cpettett9e@cargocollective.com,Female,141662
340,Claudette,Hucknall,chucknall9f@usda.gov,Female,
341,Deeann,Vickarman,dvickarman9g@blogtalkradio.com,Female,44300-000
342,Renado,Kiessel,rkiessel9h@gnu.org,Male,
343,Ignace,Hevner,ihevner9i@bizjournals.com,Male,11902
344,Mortimer,Keen,mkeen9j@skype.com,Male,
345,Sephira,Ruos,sruos9k@barnesandnoble.com,Female,05-122
346,Kris,Forst,kforst9l@exblog.jp,Bigender,
347,Jeanna,Grzegorzewicz,jgrzegorzewicz9m@nyu.edu,Female,6540
348,Tudor,Kahan,tkahan9n@latimes.com,Male,
349,Ilaire,Cavy,icavy9o@utexas.edu,Male,18680-000
350,Mort,Shanley,mshanley9p@squidoo.com,Male,
351,Cord,Pimlott,cpimlott9q@tuttocitta.it,Male,
352,Hyacinthe,Harlock,hharlock9r@xing.com,Female,2409
353,Faustine,O'Shirine,foshirine9s@reddit.com,Female,142817
354,Marlowe,Schimank,mschimank9t@cornell.edu,Male,9704
355,Garrick,Balazin,gbalazin9u@163.com,Male,
356,Adaline,Fernan,afernan9v@patch.com,Female,39750-000
357,Ulrikaumeko,Pauwel,upauwel9w@mayoclinic.com,Female,
358,Gabie,McPhillimey,gmcphillimey9x@a8.net,Female,
359,Harmonia,Swift,hswift9y@nps.gov,Female,131077
360,Braden,Geering,bgeering9z@redcross.org,Male,
361,Goldie,Wyse,gwysea0@latimes.com,Female,
362,Richmond,Fairburn,rfairburna1@virginia.edu,Male,4446
363,Gigi,Cearley,gcearleya2@slideshare.net,Female,
364,Christie,Vivash,cvivasha3@mediafire.com,Male,
365,Lynna,Stebbins,lstebbinsa4@digg.com,Female,70149
366,Kristyn,Eastes,keastesa5@mediafire.com,Female,
367,Jehu,Wilmington,jwilmingtona6@patch.com,Male,
368,Dyann,Annott,dannotta7@facebook.com,Female,75706 CEDEX 13
369,Josias,Dwight,jdwighta8@dropbox.com,Male,241521
370,Hillier,Borton,hbortona9@google.com.hk,Male,
371,Cal,Harrow,charrowaa@phoca.cz,Male,
372,Freeland,Copin,fcopinab@howstuffworks.com,Male,
373,Sharleen,Colgan,scolganac@tumblr.com,Female,ATD
374,Kermie,Midlar,kmidlarad@surveymonkey.com,Male,9013
375,Cicely,De Gregoli,cdegregoliae@epa.gov,Female,79500-000
376,Reginauld,Merryfield,rmerryfieldaf@ucsd.edu,Genderfluid,
377,Pascale,Inworth,pinworthag@ask.com,Male,2389
378,Willette,Woodyer,wwoodyerah@bbc.co.uk,Female,32-200
379,Clement,Lagden,clagdenai@w3.org,Male,21490
380,Drona,Bartosik,dbartosikaj@slideshare.net,Female,
381,Lita,Amies,lamiesak@tripod.com,Female,
382,Trevar,Chalfant,tchalfantal@newsvine.com,Male,58500-000
383,Svend,Upwood,supwoodam@opera.com,Genderqueer,
384,Amabelle,Andren,aandrenan@sohu.com,Female,051059
385,Betsy,Gretton,bgrettonao@flavors.me,Female,
386,Jimmie,Treace,jtreaceap@apache.org,Male,2733
387,Rebekkah,Dollar,rdollaraq@mit.edu,Female,
388,Jacinta,Gwatkins,jgwatkinsar@icio.us,Agender,
389,Tremayne,Mattusevich,tmattusevichas@uol.com.br,Male,3070-125
390,Rooney,Winterson,rwintersonat@hugedomains.com,Male,
391,Kendell,Hadlington,khadlingtonau@ocn.ne.jp,Male,
392,Andreas,Stowe,astoweav@biglobe.ne.jp,Male,
393,Abigail,Collomosse,acollomosseaw@phpbb.com,Agender,75310
394,Otho,Bingell,obingellax@youtu.be,Male,72100
395,Dorolisa,Denge,ddengeay@nba.com,Genderqueer,904-0116
396,Valentino,Domino,vdominoaz@bloomberg.com,Male,
397,Audrye,Bruhn,abruhnb0@flickr.com,Female,V4C
398,Tuck,Mallinar,tmallinarb1@ucsd.edu,Male,2770
399,Kevin,Tsarovic,ktsarovicb2@com.com,Male,177 35
400,Junette,Gavigan,jgaviganb3@bbb.org,Female,
401,Caz,McGall,cmcgallb4@exblog.jp,Male,188680
402,Fritz,Fearnall,ffearnallb5@chronoengine.com,Male,
403,Fayre,Wix,fwixb6@surveymonkey.com,Female,30760
404,Lynna,Bairstow,lbairstowb7@chronoengine.com,Female,
405,Lyell,Cowe,lcoweb8@washingtonpost.com,Male,
406,Iona,Alpes,ialpesb9@nydailynews.com,Female,R21
407,Marchelle,Yorkston,myorkstonba@cbsnews.com,Female,
408,Harlan,Riden,hridenbb@last.fm,Male,187349
409,Brodie,Coaster,bcoasterbc@cbsnews.com,Male,
410,Sherrie,Teresa,steresabd@marketwatch.com,Female,
411,Marinna,Clampe,mclampebe@discovery.com,Female,84105
412,Lucine,Sola,lsolabf@google.cn,Female,
413,Georgine,Cade,gcadebg@pcworld.com,Female,21900 CEDEX 9
414,Ruperta,Gayther,rgaytherbh@berkeley.edu,Female,
415,Waldo,Garnsworth,wgarnsworthbi@cocolog-nifty.com,Male,
416,Kristien,Neilson,kneilsonbj@1688.com,Female,
417,Maurits,Tabard,mtabardbk@illinois.edu,Male,
418,Mara,Scholtz,mscholtzbl@deviantart.com,Female,
419,Lilah,McMoyer,lmcmoyerbm@independent.co.uk,Female,
420,Annabela,Goncalo,agoncalobn@scientificamerican.com,Female,346940
421,Sibyl,Rodear,srodearbo@cornell.edu,Male,
422,Mendie,Ferroni,mferronibp@xrea.com,Male,21-532
423,Adriena,Hegerty,ahegertybq@eventbrite.com,Female,38066 CEDEX 2
424,Jerome,MacAleese,jmacaleesebr@ihg.com,Male,21140
425,Kimball,Zanicchelli,kzanicchellibs@house.gov,Male,4021
426,Annabella,Gosforth,agosforthbt@homestead.com,Female,171508
427,Petronille,Holttom,pholttombu@cloudflare.com,Female,
428,Flossie,Unitt,funittbv@creativecommons.org,Female,
429,Kelby,Masser,kmasserbw@pen.io,Male,665114
430,Camile,Coxhead,ccoxheadbx@technorati.com,Female,
431,Kelley,Esposi,kesposiby@stanford.edu,Male,
432,Cassie,Cassam,ccassambz@stumbleupon.com,Male,
433,Beryle,Dallow,bdallowc0@sphinn.com,Female,
434,Martyn,Castangia,mcastangiac1@plala.or.jp,Male,
435,Nevil,Rispin,nrispinc2@cmu.edu,Male,
436,Danny,Drinkale,ddrinkalec3@jimdo.com,Female,94409 CEDEX
437,Theresita,Tootin,ttootinc4@weather.com,Female,
438,Lin,Winfield,lwinfieldc5@gizmodo.com,Female,5500
439,Raimondo,Kondrat,rkondratc6@comsenz.com,Male,
440,Adelbert,Orbon,aorbonc7@marketwatch.com,Male,37-511
441,Annalise,Seleway,aselewayc8@opera.com,Female,4219
442,Eustace,Wilkowski,ewilkowskic9@mediafire.com,Male,1106
443,Carolyn,Clutton,ccluttonca@prweb.com,Female,
444,Mitch,Hallstone,mhallstonecb@si.edu,Male,
445,Rosanna,Chesshyre,rchesshyrecc@sohu.com,Female,65950-000
446,Carl,Theodoris,ctheodoriscd@bandcamp.com,Male,
447,Barth,Bronot,bbronotce@netscape.com,Male,0204
448,Renie,Balle,rballecf@youku.com,Female,
449,Florenza,Cuerdale,fcuerdalecg@github.com,Female,
450,Edgardo,Carlin,ecarlinch@instagram.com,Male,
451,Philipa,Raise,praiseci@psu.edu,Female,
452,Maxim,Draysay,mdraysaycj@altervista.org,Male,
453,Lucia,Straker,lstrakerck@yellowpages.com,Female,
454,Aime,Phittiplace,aphittiplacecl@tumblr.com,Female,
455,Aymer,Lots,alotscm@delicious.com,Male,
456,Grover,Kleinberer,gkleinberercn@fda.gov,Male,6709
457,Gabe,Killwick,gkillwickco@wunderground.com,Male,
458,Nat,Burkett,nburkettcp@hhs.gov,Male,366041
459,Lammond,Wyldes,lwyldescq@posterous.com,Male,76105
460,Margaretha,Tookill,mtookillcr@deliciousdays.com,Female,3521
461,Muire,Tabour,mtabourcs@last.fm,Female,
462,Ramsey,Tonner,rtonnerct@about.me,Male,97755-000
463,Malina,Dabes,mdabescu@statcounter.com,Female,142152
464,Freeman,Macartney,fmacartneycv@yellowpages.com,Male,3230
465,Bartram,Howis,bhowiscw@amazon.co.jp,Male,
466,Dwain,Westhofer,dwesthofercx@hexun.com,Male,
467,Dur,Cuniam,dcuniamcy@dell.com,Male,988-0057
468,Lowe,Joselovitch,ljoselovitchcz@feedburner.com,Male,2425
469,Eduard,State,estated0@hibu.com,Male,4520
470,Cele,Taw,ctawd1@about.me,Non-binary,
471,Herby,Lowndsbrough,hlowndsbroughd2@washingtonpost.com,Male,
472,Riccardo,Corradetti,rcorradettid3@abc.net.au,Male,
473,Morgan,Stango,mstangod4@nydailynews.com,Genderfluid,53405
474,Seana,Gullivan,sgullivand5@usa.gov,Female,
475,Coriss,Extance,cextanced6@alexa.com,Female,9560-305
476,Ozzie,Skeggs,oskeggsd7@europa.eu,Male,
477,Eward,Palliser,epalliserd8@cafepress.com,Male,5101
478,Constantin,Bolt,cboltd9@blogger.com,Male,44110
479,Doro,Keppie,dkeppieda@wix.com,Female,88998
480,Chris,Pallasch,cpallaschdb@amazon.co.uk,Male,2985-129
481,Prentiss,Himpson,phimpsondc@phpbb.com,Male,4424
482,Elsinore,Yashanov,eyashanovdd@earthlink.net,Female,
483,Camey,Evensden,cevensdende@bbc.co.uk,Male,15495-000
484,Selie,Djokic,sdjokicdf@imgur.com,Female,
485,Anatol,Greatrakes,agreatrakesdg@foxnews.com,Male,1812
486,Osmund,Stych,ostychdh@tmall.com,Male,44604 CEDEX
487,Win,Chandler,wchandlerdi@issuu.com,Male,
488,Alia,Kealey,akealeydj@simplemachines.org,Female,
489,Annetta,Greatbank,agreatbankdk@soundcloud.com,Female,597-0095
490,Codie,Itzkin,citzkindl@ehow.com,Female,
491,Corly,Yankeev,cyankeevdm@tumblr.com,Female,05-650
492,Lynette,Baggelley,lbaggelleydn@hexun.com,Female,
493,Wood,Wass,wwassdo@amazon.com,Male,
494,Forester,Kelwaybamber,fkelwaybamberdp@amazon.de,Genderfluid,
495,Jess,McSporrin,jmcsporrindq@tinypic.com,Female,615 95
496,Jeffy,Hambridge,jhambridgedr@narod.ru,Male,79021 CEDEX
497,Sharron,Moyes,smoyesds@prlog.org,Female,47-280
498,Atlanta,Deighton,adeightondt@tuttocitta.it,Female,
499,Pearl,Hobell,phobelldu@blogspot.com,Female,5571
500,Bink,Bramhall,bbramhalldv@youku.com,Male,
501,Michele,Allaker,mallakerdw@state.gov,Male,
502,Laurel,Cadlock,lcadlockdx@i2i.jp,Female,
503,Avivah,Anglish,aanglishdy@un.org,Female,
504,Sonnie,Perigo,sperigodz@paginegialle.it,Male,85120
505,Wilden,Eiler,weilere0@hubpages.com,Bigender,
506,Natalie,Mandres,nmandrese1@sciencedirect.com,Female,4595-075
507,Pearle,Laborda,plabordae2@webnode.com,Female,681 84
508,Katerine,Blackford,kblackforde3@arstechnica.com,Female,
509,Elke,Hurdedge,ehurdedgee4@drupal.org,Female,9408
510,Ekaterina,Breming,ebreminge5@blog.com,Female,6712
511,Mollee,Packham,mpackhame6@github.com,Female,
512,Catlaina,Burkinshaw,cburkinshawe7@hexun.com,Female,
513,Kev,Hassard,khassarde8@lycos.com,Male,47707
514,Gene,Gallie,ggalliee9@facebook.com,Male,
515,Henrieta,Cudmore,hcudmoreea@msu.edu,Female,
516,Tony,Shadfourth,tshadfourtheb@usda.gov,Male,
517,Averell,Magrannell,amagrannellec@photobucket.com,Male,
518,Shamus,Passler,spasslered@linkedin.com,Male,37160-000
519,Carolann,Emanulsson,cemanulssonee@state.gov,Female,
520,Lombard,Sporle,lsporleef@cam.ac.uk,Male,
521,Chadd,Buesnel,cbuesneleg@rediff.com,Genderfluid,301 80
522,Bruno,Filippone,bfilipponeeh@cdc.gov,Male,
523,Lillian,Gozzett,lgozzettei@washington.edu,Female,
524,Hope,Ryding,hrydingej@blogs.com,Female,2755-279
525,Lynnett,Turvie,lturvieek@ifeng.com,Female,
526,Calla,Szymanzyk,cszymanzykel@bing.com,Female,
527,Elenore,Gaskill,egaskillem@trellian.com,Polygender,88160-000
528,Laryssa,Colam,lcolamen@barnesandnoble.com,Female,41-840
529,Vladamir,Trimmill,vtrimmilleo@altervista.org,Male,45700-000
530,Marissa,Reubel,mreubelep@tuttocitta.it,Female,
531,Thaxter,Juza,tjuzaeq@answers.com,Male,
532,Oswell,Sharpling,osharplinger@microsoft.com,Male,
533,Lettie,Franek,lfranekes@fema.gov,Female,
534,Rollo,Litchfield,rlitchfieldet@accuweather.com,Male,
535,Carroll,Knowlson,cknowlsoneu@elpais.com,Male,413048
536,Dietrich,Gillyatt,dgillyattev@github.io,Male,
537,Ernesta,Redhouse,eredhouseew@diigo.com,Female,
538,Fons,Camilli,fcamilliex@ucoz.com,Genderqueer,
539,Alexi,Ferrotti,aferrottiey@51.la,Female,
540,Ian,Armatage,iarmatageez@zdnet.com,Male,
541,Reynold,McInnerny,rmcinnernyf0@multiply.com,Male,
542,Nevin,Alenshev,nalenshevf1@indiatimes.com,Male,
543,Crysta,Purchase,cpurchasef2@redcross.org,Non-binary,14-401
544,Sargent,Dedam,sdedamf3@bigcartel.com,Male,349-0218
545,Scottie,Elcoux,selcouxf4@theglobeandmail.com,Male,
546,Portia,Blees,pbleesf5@about.me,Female,
547,Garrett,Snookes,gsnookesf6@cisco.com,Male,94537 CEDEX
548,Janna,Dishmon,jdishmonf7@independent.co.uk,Female,353715
549,Keefer,Fleote,kfleotef8@skype.com,Male,
550,Alford,Hellwing,ahellwingf9@de.vu,Male,1128
551,Shayne,Blackstone,sblackstonefa@geocities.com,Male,
552,Johnette,Loxly,jloxlyfb@liveinternet.ru,Female,
553,My,Gorringe,mgorringefc@vkontakte.ru,Male,
554,Olly,Jordine,ojordinefd@nps.gov,Female,42-286
555,Alaric,Casine,acasinefe@bloomberg.com,Male,55840-000
556,Dulci,Coulthurst,dcoulthurstff@weather.com,Female,4234
557,Blakeley,Rubinow,brubinowfg@techcrunch.com,Female,0159
558,Lydie,Cuerdale,lcuerdalefh@ca.gov,Female,52460
559,Izaak,Honniebal,ihonniebalfi@virginia.edu,Male,
560,Colette,Hawney,chawneyfj@simplemachines.org,Female,5806
561,Tracy,Goadby,tgoadbyfk@wordpress.com,Male,33-334
562,Johanna,Mannakee,jmannakeefl@e-recht24.de,Female,
563,Greg,Tulloch,gtullochfm@histats.com,Male,366605
564,April,Bouchier,abouchierfn@jugem.jp,Female,8005
565,Othilie,Blazhevich,oblazhevichfo@ihg.com,Female,999-7767
566,Maritsa,Atkin,matkinfp@mayoclinic.com,Female,59100
567,Harper,Blueman,hbluemanfq@devhub.com,Male,404446
568,Solly,Bingley,sbingleyfr@cnet.com,Male,
569,Ceciley,Cescotti,ccescottifs@comsenz.com,Female,9413
570,Laetitia,Kitchenman,lkitchenmanft@typepad.com,Female,
571,Aprilette,Carless,acarlessfu@wp.com,Female,
572,Gallagher,Le Grys,glegrysfv@bloomberg.com,Male,403538
573,Georgy,Feron,gferonfw@toplist.cz,Male,
574,Efrem,Matveyev,ematveyevfx@nba.com,Male,6210
575,Alvis,McNeely,amcneelyfy@squidoo.com,Male,38800
576,Milty,Benge,mbengefz@intel.com,Polygender,78940-000
577,Kerianne,Rickford,krickfordg0@creativecommons.org,Female,
578,Doralia,Baskeyfield,dbaskeyfieldg1@constantcontact.com,Female,
579,Alexi,Orr,aorrg2@paypal.com,Female,78045 CEDEX
580,Karl,Gurdon,kgurdong3@icq.com,Male,198 00
581,Kaylil,MacSporran,kmacsporrang4@techcrunch.com,Female,174442
582,Elie,Batterton,ebattertong5@cafepress.com,Female,
583,Derry,Gonnin,dgonning6@howstuffworks.com,Male,9512
584,Shana,Stearley,sstearleyg7@networksolutions.com,Female,97159 CEDEX
585,Shaine,Batterson,sbattersong8@berkeley.edu,Female,3720-029
586,Augustine,Szymoni,aszymonig9@unblog.fr,Male,20150
587,Addie,Delamar,adelamarga@go.com,Female,361424
588,Timothee,Matskiv,tmatskivgb@china.com.cn,Male,6511
589,Wash,Nelthorpe,wnelthorpegc@posterous.com,Male,
590,Georgianna,Dimitrescu,gdimitrescugd@fema.gov,Female,66074
591,Chrissy,Ferrelli,cferrellige@berkeley.edu,Non-binary,88130-000
592,Willy,Dungate,wdungategf@rakuten.co.jp,Male,
593,Nicolais,Bussy,nbussygg@sciencedaily.com,Male,
594,Nowell,Lindroos,nlindroosgh@google.it,Male,
595,Ronalda,Cleminson,rcleminsongi@washington.edu,Female,9201
596,Laughton,Elcoux,lelcouxgj@slashdot.org,Male,423638
597,Hilly,Pilsworth,hpilsworthgk@tamu.edu,Male,6360-496
598,Gauthier,Muxworthy,gmuxworthygl@ed.gov,Male,
599,Justina,Mashal,jmashalgm@columbia.edu,Female,7102
600,Adriaens,Hengoed,ahengoedgn@unesco.org,Female,302 70
601,Eugenia,Sprake,esprakego@cocolog-nifty.com,Female,IV1
602,Sherri,Olligan,solligangp@t.co,Female,89094
603,Mariette,Jeffcoate,mjeffcoategq@nsw.gov.au,Female,
604,Sully,Withur,swithurgr@devhub.com,Male,
605,Suzy,Seater,sseatergs@whitehouse.gov,Female,
606,Richardo,Twydell,rtwydellgt@baidu.com,Male,429020
607,Doug,Dawdry,ddawdrygu@reverbnation.com,Male,685518
608,Bernadine,Dougal,bdougalgv@pen.io,Female,
609,Elliot,Risbie,erisbiegw@wikispaces.com,Male,4765-190
610,Pietra,O' Dornan,podornangx@symantec.com,Female,
611,Worth,Wathan,wwathangy@yellowbook.com,Male,62692
612,Amery,Parham,aparhamgz@senate.gov,Genderqueer,
613,Curr,Gilbride,cgilbrideh0@shop-pro.jp,Male,
614,Jacinthe,Adanez,jadanezh1@webeden.co.uk,Female,34110
615,Annabelle,Greenman,agreenmanh2@boston.com,Female,
616,Karie,Wincer,kwincerh3@oakley.com,Female,
617,Chrotoem,Gourley,cgourleyh4@blogs.com,Male,4780-320
618,Annecorinne,Rizziello,arizzielloh5@list-manage.com,Genderqueer,
619,Dennis,Albro,dalbroh6@mlb.com,Male,
620,Ambrosius,Tatlowe,atatloweh7@discovery.com,Male,5145
621,Trueman,Grishkov,tgrishkovh8@tumblr.com,Male,
622,Charley,Cecchetelli,ccecchetellih9@angelfire.com,Non-binary,368540
623,Mar,Kerridge,mkerridgeha@newyorker.com,Male,11511
624,Cassie,Danbi,cdanbihb@a8.net,Female,
625,Biddy,Wylam,bwylamhc@altervista.org,Female,10701
626,Cymbre,Besque,cbesquehd@auda.org.au,Genderfluid,
627,Bevan,Caygill,bcaygillhe@feedburner.com,Male,F26
628,Aylmar,Pipworth,apipworthhf@yahoo.com,Male,
629,Addy,Danzig,adanzighg@answers.com,Male,61300
630,Bertie,Oty,botyhh@ft.com,Bigender,96928
631,Michaelina,Dumbrill,mdumbrillhi@nationalgeographic.com,Female,72204
632,Cullan,Reddle,creddlehj@geocities.jp,Male,
633,Leif,Roelofs,lroelofshk@macromedia.com,Male,
634,Roxi,Deignan,rdeignanhl@51.la,Female,
635,Ibrahim,Guthrie,iguthriehm@gov.uk,Male,74-503
636,Marthena,Ewenson,mewensonhn@jigsy.com,Female,
637,Raymond,Muglestone,rmuglestoneho@sphinn.com,Male,
638,Corny,Tranfield,ctranfieldhp@ustream.tv,Male,
639,Mikaela,Bodycombe,mbodycombehq@businesswire.com,Female,7300-006
640,Ewart,Maeer,emaeerhr@addthis.com,Male,
641,Vance,Arnoud,varnoudhs@sina.com.cn,Male,30010
642,Raoul,Leaning,rleaninght@youtube.com,Male,75096 CEDEX 02
643,Clayson,Kubelka,ckubelkahu@usgs.gov,Male,11205
644,Peyter,Carlyon,pcarlyonhv@chronoengine.com,Male,
645,Hendrik,Fromont,hfromonthw@desdev.cn,Male,
646,Quill,Prozescky,qprozesckyhx@ifeng.com,Male,
647,Lothaire,Vinton,lvintonhy@e-recht24.de,Male,32-854
648,Malory,Derricoat,mderricoathz@feedburner.com,Female,331 51
649,Kevyn,Guly,kgulyi0@myspace.com,Female,
650,Alaster,Sheffield,asheffieldi1@sphinn.com,Male,MD-3200
651,Adolphe,Gerson,agersoni2@icq.com,Male,F94
652,Vance,Lange,vlangei3@toplist.cz,Male,
653,Harley,Connelly,hconnellyi4@issuu.com,Male,62150
654,Meaghan,Gascar,mgascari5@360.cn,Female,545518
655,Rhett,Huckster,rhucksteri6@cnn.com,Male,
656,Melessa,Bubbings,mbubbingsi7@ocn.ne.jp,Female,
657,Deedee,McGeaney,dmcgeaneyi8@cafepress.com,Female,96799
658,Stavro,Matisse,smatissei9@si.edu,Bigender,9805
659,Truman,Houlridge,thoulridgeia@exblog.jp,Male,357637
660,Cris,Gotter,cgotterib@statcounter.com,Male,4335
661,Normy,Itzkovsky,nitzkovskyic@elpais.com,Male,
662,Lloyd,Varnam,lvarnamid@walmart.com,Male,10030
663,Davidde,Fenkel,dfenkelie@twitter.com,Male,
664,Levy,MacPadene,lmacpadeneif@wsj.com,Male,39351
665,Beth,Hendrich,bhendrichig@wisc.edu,Female,362 23
666,Burtie,Harrap,bharrapih@trellian.com,Male,171 64
667,Barnabe,Allinson,ballinsonii@eventbrite.com,Male,7209
668,Joel,Jobson,jjobsonij@rediff.com,Male,384 72
669,Casper,Lidierth,clidierthik@free.fr,Male,7005-724
670,Hetti,Menear,hmenearil@blogs.com,Female,
671,Garth,Prise,gpriseim@chicagotribune.com,Male,
672,Annnora,Jahnig,ajahnigin@typepad.com,Non-binary,
673,Lancelot,Jarrell,ljarrellio@chron.com,Male,E45
674,Bradly,Baroc,bbarocip@google.nl,Male,
675,Darcy,Tomblings,dtomblingsiq@hexun.com,Male,
676,Dwayne,Blackwell,dblackwellir@de.vu,Bigender,
677,Brett,Palfree,bpalfreeis@miibeian.gov.cn,Male,
678,Olly,Aitken,oaitkenit@paginegialle.it,Male,356407
679,Padget,Walkley,pwalkleyiu@twitter.com,Male,
680,Constantina,Werrett,cwerrettiv@google.nl,Female,
681,Cynthy,Lindner,clindneriw@google.co.jp,Female,413824
682,Harriette,Deroche,hderocheix@usatoday.com,Female,
683,Arthur,Pople,apopleiy@china.com.cn,Male,2445
684,Garrick,Ghioni,gghioniiz@cnet.com,Male,696 85
685,Stefa,Petrosian,spetrosianj0@amazon.co.uk,Female,
686,Roxine,Ormonde,rormondej1@un.org,Genderfluid,77214 CEDEX
687,Adham,Lembcke,alembckej2@netvibes.com,Male,6090-511
688,Zena,Hellard,zhellardj3@so-net.ne.jp,Female,
689,Diarmid,Boog,dboogj4@rakuten.co.jp,Male,700118
690,Avictor,Raulston,araulstonj5@bing.com,Agender,2715-217
691,Shannen,Lotze,slotzej6@discovery.com,Genderqueer,
692,Paul,Bowling,pbowlingj7@bluehost.com,Male,700118
693,Adair,Rapier,arapierj8@discovery.com,Male,85401
694,Levy,Hoxey,lhoxeyj9@vimeo.com,Male,
695,Gunilla,Wigfield,gwigfieldja@sogou.com,Female,629309
696,Bibbie,Sargant,bsargantjb@comcast.net,Female,55-080
697,Brandi,Wandrich,bwandrichjc@fc2.com,Female,
698,Arlana,Cristobal,acristobaljd@technorati.com,Female,3859
699,Ruby,Le Fleming,rleflemingje@unblog.fr,Agender,
700,Querida,Dumbellow,qdumbellowjf@goo.gl,Female,
701,Sula,Drew-Clifton,sdrewcliftonjg@java.com,Female,
702,Corenda,Fasey,cfaseyjh@histats.com,Female,73135
703,Obediah,Marr,omarrji@google.co.jp,Non-binary,N5C
704,Aurilia,Gouda,agoudajj@toplist.cz,Female,34-471
705,Colby,Nansom,cnansomjk@go.com,Male,
706,Ashley,Markwell,amarkwelljl@ow.ly,Male,281002
707,Bettine,Hassan,bhassanjm@dot.gov,Female,591 99
708,Hans,Rawlin,hrawlinjn@sakura.ne.jp,Male,
709,Penn,Drew,pdrewjo@pbs.org,Male,873 80
710,Berrie,Bourgaize,bbourgaizejp@nasa.gov,Female,J0S
711,Reed,Morais,rmoraisjq@is.gd,Male,
712,Page,Donnell,pdonnelljr@ebay.com,Female,530-0012
713,Patty,Schruyers,pschruyersjs@indiegogo.com,Male,7490-405
714,Della,Sture,dsturejt@narod.ru,Female,18-421
715,Gerri,Lean,gleanju@princeton.edu,Female,48110-000
716,Ardelle,Beernaert,abeernaertjv@upenn.edu,Female,115 22
717,Woody,Abbatucci,wabbatuccijw@engadget.com,Male,627251
718,Garnet,Gowler,ggowlerjx@tmall.com,Female,3840-165
719,Doralynn,Woodruff,dwoodruffjy@dmoz.org,Female,
720,Melvyn,Culpen,mculpenjz@adobe.com,Male,59961 CEDEX
721,Kenyon,Mulcaster,kmulcasterk0@tamu.edu,Male,172 29
722,Nathan,Renoden,nrenodenk1@whitehouse.gov,Male,
723,Ellsworth,Cree,ecreek2@zdnet.com,Male,
724,Jimmie,Woolrich,jwoolrichk3@usda.gov,Male,92662
725,Angie,Frany,afranyk4@admin.ch,Female,
726,Megan,Colten,mcoltenk5@fotki.com,Female,
727,Bartolomeo,Hasney,bhasneyk6@blogtalkradio.com,Male,
728,Sonni,Padell,spadellk7@yahoo.co.jp,Female,
729,Austin,Egan,aegank8@mediafire.com,Female,
730,Julianna,Stallon,jstallonk9@webnode.com,Female,
731,Colene,Aylwin,caylwinka@icio.us,Non-binary,751 35
732,Cleopatra,Snalom,csnalomkb@netvibes.com,Female,65140
733,Darrelle,Myrie,dmyriekc@yellowpages.com,Female,
734,Harmon,Hort,hhortkd@example.com,Polygender,
735,Silvester,Hawse,shawseke@who.int,Male,
736,Sebastian,Bamb,sbambkf@mozilla.com,Male,
737,Sutherlan,Neem,sneemkg@seesaa.net,Male,70150
738,Berky,Kinnard,bkinnardkh@cnn.com,Male,42360
739,Saundra,Vosse,svosseki@patch.com,Female,
740,Jehanna,Dye,jdyekj@dailymotion.com,Female,904 22
741,Nate,Naismith,nnaismithkk@canalblog.com,Polygender,
742,Wald,Tersay,wtersaykl@ycombinator.com,Male,1050
743,Lyle,Ranscome,lranscomekm@wikimedia.org,Male,427645
744,Shari,Pleuman,spleumankn@springer.com,Female,425 38
745,Dori,Muck,dmuckko@mtv.com,Female,504 31
746,Cirillo,Abbatt,cabbattkp@va.gov,Agender,
747,Maggie,Yelland,myellandkq@flickr.com,Female,
748,Dorette,Viscovi,dviscovikr@wikispaces.com,Female,
749,Brandon,Blindt,bblindtks@mtv.com,Male,
750,Abbe,Ackenhead,aackenheadkt@dagondesign.com,Male,
751,Martina,Martinon,mmartinonku@hugedomains.com,Female,6312
752,Bradly,Clemente,bclementekv@icq.com,Male,623900
753,Marietta,Bransby,mbransbykw@dot.gov,Female,
754,Yehudi,Shard,yshardkx@mapy.cz,Male,242251
755,Lorant,Whyatt,lwhyattky@meetup.com,Male,142717
756,Jean,Masic,jmasickz@com.com,Female,617000
757,Ivett,O'Gormley,iogormleyl0@hc360.com,Female,2540-557
758,Elicia,Broun,ebrounl1@reddit.com,Female,
759,Thibaud,Wozencraft,twozencraftl2@nationalgeographic.com,Male,5684
760,Kerwin,Beverley,kbeverleyl3@wikipedia.org,Male,
761,Helenelizabeth,Ivy,hivyl4@psu.edu,Female,
762,Lorna,Stutely,lstutelyl5@sbwire.com,Female,
763,Frederick,Bamb,fbambl6@chicagotribune.com,Male,H4J
764,Catharina,Souness,csounessl7@ustream.tv,Female,706018
765,Jeniece,Faircliffe,jfaircliffel8@ucla.edu,Female,
766,Waldon,Dufore,wduforel9@lulu.com,Bigender,
767,Laverna,Rout,lroutla@wix.com,Female,1738
768,Ford,Beare,fbearelb@examiner.com,Male,783 55
769,Dan,Symper,dsymperlc@qq.com,Male,3220-077
770,Mallory,Fresson,mfressonld@berkeley.edu,Male,
771,Jerrold,Keyser,jkeyserle@sfgate.com,Male,1440
772,June,Crannage,jcrannagelf@theguardian.com,Female,
773,Johannah,Scotchmor,jscotchmorlg@freewebs.com,Female,378 81
774,Worthington,Wallington,wwallingtonlh@businessweek.com,Male,34-115
775,Tedi,Sertin,tsertinli@archive.org,Female,
776,Quincy,Iron,qironlj@bloglovin.com,Male,72160
777,Milton,Tetford,mtetfordlk@xing.com,Male,399445
778,Paulie,Lewendon,plewendonll@amazon.com,Female,
779,Alexis,Sicily,asicilylm@cbc.ca,Female,
780,Hillary,Josefsohn,hjosefsohnln@purevolume.com,Male,
781,Louella,Bresnen,lbresnenlo@google.fr,Female,24034
782,Tully,Lydden,tlyddenlp@comsenz.com,Male,369-1241
783,Dal,Wenman,dwenmanlq@arstechnica.com,Male,8715
784,Rocky,Summerill,rsummerilllr@edublogs.org,Male,29980-000
785,Pip,Wyss,pwyssls@huffingtonpost.com,Male,
786,Ronny,Wrate,rwratelt@apache.org,Male,
787,Isaac,Margaret,imargaretlu@cornell.edu,Male,141032
788,Robers,Angove,rangovelv@stanford.edu,Male,
789,Binky,Pickersgill,bpickersgilllw@google.com.au,Male,
790,Yvette,Woolhouse,ywoolhouselx@cornell.edu,Female,931 52
791,Loren,Monteath,lmonteathly@ft.com,Female,232538
792,Boot,Loren,blorenlz@odnoklassniki.ru,Male,11518
793,Dorey,Coplestone,dcoplestonem0@cargocollective.com,Genderfluid,
794,Isak,Carp,icarpm1@drupal.org,Male,
795,Siegfried,Raycroft,sraycroftm2@facebook.com,Non-binary,29215
796,Neille,Eyeington,neyeingtonm3@ovh.net,Polygender,329-1117
797,Allison,Cockshott,acockshottm4@over-blog.com,Female,
798,Letizia,Braysher,lbraysherm5@tinyurl.com,Female,
799,Elke,Fairney,efairneym6@comcast.net,Female,
800,Georgianna,Foggo,gfoggom7@altervista.org,Female,4800-349
801,Adriano,Sambiedge,asambiedgem8@yelp.com,Male,
802,Katee,Yakubovich,kyakubovichm9@meetup.com,Female,
803,Gisele,Sainsbury,gsainsburyma@wiley.com,Female,6109
804,Ced,Whitham,cwhithammb@ocn.ne.jp,Male,
805,Dukie,Davids,ddavidsmc@google.de,Male,
806,Burke,Ferras,bferrasmd@parallels.com,Male,
807,Ellie,Bruhnicke,ebruhnickeme@mail.ru,Female,4580-604
808,Janifer,Breazeall,jbreazeallmf@hud.gov,Female,
809,Emmi,Bessent,ebessentmg@oracle.com,Female,
810,Adriane,Thomasson,athomassonmh@technorati.com,Female,45600-000
811,Dwain,Tremberth,dtremberthmi@jiathis.com,Male,
812,Joey,Morigan,jmoriganmj@domainmarket.com,Male,
813,Tremayne,Erington,teringtonmk@sitemeter.com,Male,
814,Marrilee,Royans,mroyansml@elegantthemes.com,Female,442283
815,Roddy,Ryson,rrysonmm@flickr.com,Male,
816,Hastie,Attersoll,hattersollmn@theglobeandmail.com,Male,24130
817,Stevana,Lamke,slamkemo@twitter.com,Female,841 01
818,Julianne,Malin,jmalinmp@gmpg.org,Female,999-7638
819,Etienne,MacFarlan,emacfarlanmq@opensource.org,Male,
820,Salome,Skellern,sskellernmr@mapy.cz,Female,
821,Geordie,Bidder,gbidderms@answers.com,Male,
822,Chrissie,Bray,cbraymt@goodreads.com,Male,
823,Richardo,Jerome,rjeromemu@globo.com,Male,
824,Anitra,Nuton,anutonmv@google.it,Female,21880
825,Marylynne,Gwillyam,mgwillyammw@bbb.org,Female,
826,Rowland,Blazewski,rblazewskimx@tinyurl.com,Male,
827,Imelda,Skrzynski,iskrzynskimy@devhub.com,Female,587 24
828,Barnie,Mournian,bmournianmz@archive.org,Male,37-312
829,Britt,McSharry,bmcsharryn0@usda.gov,Female,
830,Hertha,Hazleton,hhazletonn1@si.edu,Female,607040
831,Bent,Severn,bsevernn2@gnu.org,Male,
832,Noella,Puleston,npulestonn3@nationalgeographic.com,Female,
833,Rodolphe,Weavers,rweaversn4@nifty.com,Male,25775
834,Nowell,Cuvley,ncuvleyn5@house.gov,Male,
835,Clay,Ubsdale,cubsdalen6@oracle.com,Genderqueer,357974
836,Hyacinthia,Gommes,hgommesn7@zdnet.com,Non-binary,
837,Deeanne,Pleass,dpleassn8@exblog.jp,Female,301382
838,Arty,McGillecole,amcgillecolen9@comcast.net,Non-binary,
839,Beckie,Tremblett,btremblettna@sciencedirect.com,Female,14150-000
840,Jerrine,Le Blanc,jleblancnb@xrea.com,Female,
841,Griffin,Jewis,gjewisnc@si.edu,Male,
842,Olympie,Rosenzwig,orosenzwignd@deliciousdays.com,Female,89193
843,Lydon,Barus,lbarusne@buzzfeed.com,Male,
844,Coralie,Coulton,ccoultonnf@woothemes.com,Female,
845,Ginelle,Megroff,gmegroffng@baidu.com,Female,3334
846,Bernita,Ammer,bammernh@free.fr,Non-binary,232 91
847,Bonita,Dyhouse,bdyhouseni@webeden.co.uk,Non-binary,
848,Drusy,Jewer,djewernj@t-online.de,Bigender,9713
849,Farly,Redholes,fredholesnk@cisco.com,Male,052418
850,Derrick,Coaster,dcoasternl@bbc.co.uk,Male,
851,Jessee,Casolla,jcasollanm@google.co.uk,Male,
852,Francyne,Kenner,fkennernn@google.com,Female,
853,Leon,Brew,lbrewno@dailymail.co.uk,Male,10600
854,Constantin,Budibent,cbudibentnp@over-blog.com,Male,
855,Barbabas,Gaskamp,bgaskampnq@storify.com,Male,
856,Gearard,Paxeford,gpaxefordnr@illinois.edu,Male,4485-296
857,Maxie,Oattes,moattesns@elpais.com,Male,349-1104
858,Karita,Shipperbottom,kshipperbottomnt@w3.org,Female,353701
859,Ezekiel,Chatain,echatainnu@cnbc.com,Male,
860,Izaak,Farr,ifarrnv@seesaa.net,Male,
861,Kurtis,Kenward,kkenwardnw@who.int,Male,
862,Whitman,Darell,wdarellnx@apple.com,Male,36009 CEDEX
863,Ilaire,Kirkwood,ikirkwoodny@geocities.jp,Male,
864,Karlan,Daunter,kdaunternz@washington.edu,Male,418 72
865,Cliff,Desport,cdesporto0@photobucket.com,Male,
866,Uta,Hazlegrove,uhazlegroveo1@who.int,Female,
867,Roarke,Jikylls,rjikyllso2@oakley.com,Male,39605 CEDEX
868,Estele,Grinsdale,egrinsdaleo3@jigsy.com,Female,
869,Ade,Brien,abrieno4@google.com,Male,
870,Kristal,Cleminson,kcleminsono5@npr.org,Agender,
871,Jacinta,O'Howbane,johowbaneo6@tuttocitta.it,Female,G6G
872,Addia,Styche,astycheo7@is.gd,Female,
873,Tersina,Geck,tgecko8@icio.us,Genderfluid,
874,Mei,Doerr,mdoerro9@fc2.com,Female,
875,Kate,Howgego,khowgegooa@gravatar.com,Polygender,431646
876,Aldric,Pavlasek,apavlasekob@earthlink.net,Male,356825
877,Sabina,George,sgeorgeoc@mayoclinic.com,Female,453524
878,Pietra,Cadlock,pcadlockod@vimeo.com,Female,
879,Lisbeth,Spink,lspinkoe@amazon.co.uk,Female,06000-000
880,Marji,Cottem,mcottemof@google.co.jp,Female,
881,Britteny,Hedger,bhedgerog@privacy.gov.au,Female,2605-150
882,Clifford,Joice,cjoiceoh@bloglines.com,Male,
883,Gretal,Throughton,gthroughtonoi@fema.gov,Female,
884,Keefer,Wharton,kwhartonoj@mysql.com,Male,4115
885,Noelyn,Drennan,ndrennanok@de.vu,Female,
886,Benji,Pawlowicz,bpawlowiczol@spiegel.de,Male,
887,Karney,Lawtey,klawteyom@squarespace.com,Male,
888,Barbaraanne,Pedican,bpedicanon@wikia.com,Agender,
889,Nappie,Grogona,ngrogonaoo@businessweek.com,Male,2890-206
890,Olenolin,McClory,omccloryop@stanford.edu,Genderfluid,
891,Samson,Hauxwell,shauxwelloq@umich.edu,Male,6200-595
892,Katha,Stanley,kstanleyor@wikimedia.org,Female,38-471
893,Tani,Koch,tkochos@webnode.com,Non-binary,9000
894,Conrado,Buddington,cbuddingtonot@cbsnews.com,Male,
895,Killie,Barrington,kbarringtonou@aol.com,Male,4215
896,Alex,Jagg,ajaggov@pbs.org,Female,3430-505
897,Jorgan,Pedrol,jpedrolow@delicious.com,Male,
898,Almeria,Gilmartin,agilmartinox@dagondesign.com,Genderfluid,4713
899,Rock,Huddart,rhuddartoy@bravesites.com,Male,347252
900,Kristen,Bertie,kbertieoz@joomla.org,Female,
901,Boot,Barnaclough,bbarnacloughp0@newyorker.com,Male,
902,Elianore,Noirel,enoirelp1@hibu.com,Female,
903,Porty,Nangle,pnanglep2@virginia.edu,Male,4960-320
904,Gui,Philipsson,gphilipssonp3@theguardian.com,Female,J9L
905,Bernardo,Brownill,bbrownillp4@last.fm,Male,2189
906,Daveta,Lilley,dlilleyp5@amazon.com,Female,
907,Florri,Ledamun,fledamunp6@berkeley.edu,Female,H9P
908,Harrie,Mounch,hmounchp7@phpbb.com,Female,346017
909,Sydel,Le Breton,slebretonp8@smh.com.au,Female,50943
910,Ansell,Pudney,apudneyp9@dmoz.org,Male,
911,Theodor,Kitchenman,tkitchenmanpa@bloglovin.com,Male,
912,Avie,Gutridge,agutridgepb@weibo.com,Female,7121
913,Alexina,Baus,abauspc@washington.edu,Female,
914,Hans,Soots,hsootspd@accuweather.com,Male,
915,Barde,Burnett,bburnettpe@ucoz.ru,Male,
916,Kenny,Kenington,kkeningtonpf@bbc.co.uk,Male,986-2344
917,Port,Martello,pmartellopg@youtube.com,Male,7729
918,Englebert,Thorius,ethoriusph@yale.edu,Male,55448
919,Jeri,Crouse,jcrousepi@marketwatch.com,Female,
920,Godfree,Majury,gmajurypj@springer.com,Male,
921,Claudie,Piper,cpiperpk@yellowpages.com,Female,
922,Fawne,Hasselby,fhasselbypl@bluehost.com,Genderqueer,
923,Jorrie,Seabon,jseabonpm@shinystat.com,Female,
924,Karilynn,MacGaughy,kmacgaughypn@ft.com,Female,42285
925,Cinnamon,Lantaph,clantaphpo@salon.com,Female,
926,Clarice,Frostick,cfrostickpp@mit.edu,Female,752 42
927,Bart,Van Dale,bvandalepq@disqus.com,Male,56019 CEDEX
928,Hinze,Sabine,hsabinepr@ted.com,Male,
929,Errol,Byrd,ebyrdps@yelp.com,Male,
930,Jackelyn,Durdy,jdurdypt@163.com,Female,142843
931,Orsola,Mehew,omehewpu@chicagotribune.com,Female,
932,Zahara,Bradnick,zbradnickpv@freewebs.com,Genderqueer,15385-000
933,Giffard,Woollam,gwoollampw@guardian.co.uk,Male,
934,Iolande,Iglesia,iiglesiapx@nhs.uk,Female,
935,Brien,Camous,bcamouspy@rediff.com,Male,
936,Nathanil,Disley,ndisleypz@infoseek.co.jp,Male,
937,Billye,Shilleto,bshilletoq0@tumblr.com,Female,
938,Ferdie,Cabral,fcabralq1@statcounter.com,Male,
939,Nari,Randall,nrandallq2@un.org,Female,
940,Adriaens,Sturney,asturneyq3@mit.edu,Female,
941,Jameson,Dybald,jdybaldq4@tmall.com,Male,584-0024
942,Jasun,Tacker,jtackerq5@digg.com,Male,
943,Roxana,Brassill,rbrassillq6@prnewswire.com,Female,
944,Nikolos,Fitzmaurice,nfitzmauriceq7@typepad.com,Male,3376
945,Leroi,Areles,larelesq8@unc.edu,Male,J4N
946,Ransell,Gianninotti,rgianninottiq9@vinaora.com,Male,143 42
947,Danit,Maplestone,dmaplestoneqa@free.fr,Female,
948,Bevon,Van der Linde,bvanderlindeqb@nytimes.com,Male,91664
949,Peirce,Coil,pcoilqc@mail.ru,Male,
950,Maribeth,Arbor,marborqd@cyberchimps.com,Female,3440-635
951,Angeline,Luxmoore,aluxmooreqe@hud.gov,Female,
952,Eugenie,Newcombe,enewcombeqf@ask.com,Female,
953,Wang,Yushin,wyushinqg@hp.com,Genderqueer,21-310
954,Dal,Durward,ddurwardqh@abc.net.au,Male,67-101
955,Selle,Vasnetsov,svasnetsovqi@cnn.com,Female,67130
956,Florie,Carpe,fcarpeqj@phpbb.com,Female,
957,Quinn,D'Aulby,qdaulbyqk@noaa.gov,Male,
958,Carlie,Sinderson,csindersonql@typepad.com,Male,
959,Isador,Stanworth,istanworthqm@weather.com,Male,
960,Irvine,Scowcraft,iscowcraftqn@buzzfeed.com,Male,409-2522
961,Nadine,Picard,npicardqo@livejournal.com,Female,4328
962,Tobe,Kubacek,tkubacekqp@shareasale.com,Female,29601
963,Guthry,Starrs,gstarrsqq@free.fr,Male,70160
964,Kory,Border,kborderqr@biglobe.ne.jp,Male,
965,Tadd,Frugier,tfrugierqs@qq.com,Male,
966,Claudine,Daniau,cdaniauqt@tuttocitta.it,Female,87425
967,Salem,MacKall,smackallqu@yandex.ru,Male,
968,Margret,Wickling,mwicklingqv@amazon.de,Female,
969,Corby,Lambrecht,clambrechtqw@homestead.com,Male,
970,Theadora,Bevan,tbevanqx@w3.org,Female,
971,Rudy,Blackborn,rblackbornqy@fc2.com,Male,1811
972,Garland,Gubbin,ggubbinqz@europa.eu,Female,
973,Verina,Bolens,vbolensr0@usa.gov,Female,
974,Harriet,Erwin,herwinr1@gizmodo.com,Bigender,271058
975,Gav,Capel,gcapelr2@stanford.edu,Male,
976,Darrick,Warmington,dwarmingtonr3@yahoo.co.jp,Male,
977,Muffin,Medlicott,mmedlicottr4@sfgate.com,Male,349-1148
978,Rhona,Buessen,rbuessenr5@yellowpages.com,Bigender,1430
979,Kittie,Astall,kastallr6@goodreads.com,Female,116 45
980,Padgett,Meininking,pmeininkingr7@bloglines.com,Male,
981,Collie,Vasyukov,cvasyukovr8@skype.com,Female,3642
982,Elijah,Bernard,ebernardr9@nytimes.com,Male,
983,Kellia,Killeley,kkilleleyra@tinyurl.com,Female,
984,Hedy,Cready,hcreadyrb@marketwatch.com,Female,
985,Helyn,Nyssens,hnyssensrc@techcrunch.com,Female,
986,Jeffry,Hinemoor,jhinemoorrd@cnn.com,Male,55540-000
987,Editha,Sonnenschein,esonnenscheinre@dailymail.co.uk,Genderfluid,132 30
988,Nickolaus,Francioli,nfranciolirf@diigo.com,Male,
989,Ulises,Lionel,ulionelrg@google.cn,Male,
990,Melisa,Hattam,mhattamrh@go.com,Female,
991,Johnath,Bilborough,jbilboroughri@java.com,Female,862069
992,Esdras,Tissington,etissingtonrj@opera.com,Male,190990
993,Otis,Surguine,osurguinerk@vk.com,Male,
994,Lawrence,Langstrath,llangstrathrl@alibaba.com,Bigender,
995,Joyce,De Few,jdefewrm@ask.com,Female,
996,Rivkah,Stuckes,rstuckesrn@bloglovin.com,Female,387 73
997,Carmella,Noore,cnoorero@house.gov,Female,3110
998,Yetta,Shingler,yshinglerrp@google.com.br,Female,
999,Nikki,Kinsell,nkinsellrq@epa.gov,Polygender,11006
1000,Reese,Glide,rgliderr@wix.com,Male,3606
